subject,idna_subject,expiration_date,epoch
2amsports.com,2amsports.com,03-may-2021,1620000000.0
999fitness.com,999fitness.com,21-jan-2021,1611187200.0
abcdespanol.com,abcdespanol.com,19-jan-2021,1611014400.0
achren.org,achren.org,03-jun-2021,1622678400.0
adlock.in,adlock.in,05-jul-2021,1625443200.0
adobeflashupdate14.com,adobeflashupdate14.com,19-aug-2021,1629331200.0
advancetec.co.uk,advancetec.co.uk,31-jan-2021,1612051200.0
agsteier.com,agsteier.com,16-oct-2021,1634342400.0
akirkpatrick.com,akirkpatrick.com,15-feb-2021,1613347200.0
alegroup.info,alegroup.info,13-sep-2021,1631491200.0
ambulanciaslazaro.com,ambulanciaslazaro.com,18-jun-2021,1623974400.0
aminev.com,aminev.com,15-aug-2021,1628985600.0
antalya.ru,antalya.ru,02-may-2021,1619913600.0
arkinsoftware.in,arkinsoftware.in,19-jul-2021,1626652800.0
atlcourier.com,atlcourier.com,24-aug-2021,1629763200.0
avppet.com,avppet.com,19-aug-2021,1629331200.0
bargainracks.co.uk,bargainracks.co.uk,18-feb-2021,1613606400.0
batcoroadlinescorporation.com,batcoroadlinescorporation.com,16-apr-2021,1618531200.0
be-funk.com,be-funk.com,22-feb-2021,1613952000.0
beautysafari.com,beautysafari.com,26-apr-2021,1619395200.0
beespace.com.ua,beespace.com.ua,10-jun-2021,1623283200.0
bezproudoff.cz,bezproudoff.cz,09-jun-2021,1623196800.0
blackfalcon5.net,blackfalcon5.net,23-jun-2021,1624406400.0
bookofkisl.com,bookofkisl.com,07-mar-2021,1615075200.0
bracewellfamily.com,bracewellfamily.com,13-feb-2021,1613174400.0
bride1.com,bride1.com,01-apr-2021,1617235200.0
buildviet.info,buildviet.info,26-apr-2021,1619395200.0
by98.com,by98.com,23-jan-2021,1611360000.0
cacl.fr,cacl.fr,28-aug-2021,1630108800.0
callingcardsinstantly.com,callingcardsinstantly.com,14-mar-2021,1615680000.0
cannabislyric.com,cannabislyric.com,07-may-2021,1620345600.0
cannabispicture.com,cannabispicture.com,16-sep-2021,1631750400.0
ceskarepublika.net,ceskarepublika.net,06-dec-2021,1638748800.0
ciclismovalenciano.com,ciclismovalenciano.com,26-jul-2021,1627257600.0
classicallyabsurdphotography.com,classicallyabsurdphotography.com,08-may-2021,1620432000.0
classicspeedway.com,classicspeedway.com,14-oct-2022,1665705600.0
conds.ru,conds.ru,04-sep-2021,1630713600.0
cracks.vg,cracks.vg,15-oct-2021,1634256000.0
crackzone.net,crackzone.net,22-mar-2021,1616371200.0
creditbootcamp.com,creditbootcamp.com,02-mar-2021,1614643200.0
cudacorp.com,cudacorp.com,29-mar-2021,1616976000.0
customsboysint.com,customsboysint.com,17-jul-2021,1626480000.0
dancecourt.com,dancecourt.com,22-sep-2021,1632268800.0
dawnframing.com,dawnframing.com,17-jul-2021,1626480000.0
dcanscapital.co.uk,dcanscapital.co.uk,19-jun-2021,1624060800.0
decografix.com,decografix.com,17-feb-2021,1613520000.0
deleondeos.com,deleondeos.com,05-may-2021,1620172800.0
deletespyware-adware.com,deletespyware-adware.com,24-jan-2021,1611446400.0
dentairemalin.com,dentairemalin.com,13-aug-2021,1628812800.0
dianepiette.co.uk,dianepiette.co.uk,08-feb-2021,1612742400.0
diaryofagameaddict.com,diaryofagameaddict.com,22-jan-2021,1611273600.0
dieutribenhkhop.com,dieutribenhkhop.com,06-may-2021,1620259200.0
dimenal.com.br,dimenal.com.br,06-apr-2021,1617667200.0
dimsnetwork.com,dimsnetwork.com,25-feb-2021,1614211200.0
directxex.com,directxex.com,17-jul-2021,1626480000.0
dougmlee.com,dougmlee.com,14-jun-2021,1623628800.0
download-archiver.ru,download-archiver.ru,24-feb-2021,1614124800.0
e1r.net,e1r.net,31-jan-2021,1612051200.0
earthcontrolsys.com,earthcontrolsys.com,25-jun-2023,1687651200.0
eeps.me,eeps.me,26-aug-2021,1629936000.0
elmissouri.fr,elmissouri.fr,10-feb-2021,1612915200.0
eternitymobiles.com,eternitymobiles.com,10-sep-2021,1631232000.0
euro-vertrieb.com,euro-vertrieb.com,29-mar-2021,1616976000.0
falconsafe.com.sg,falconsafe.com.sg,02-apr-2021,1617321600.0
fbku.com,fbku.com,22-oct-2021,1634860800.0
femalewrestlingnow.com,femalewrestlingnow.com,22-sep-2021,1632268800.0
finnhair.co.uk,finnhair.co.uk,01-may-2023,1682899200.0
firehouse651.com,firehouse651.com,02-aug-2021,1627862400.0
fondazioneciampi.org,fondazioneciampi.org,18-jun-2021,1623974400.0
formessengers.com,formessengers.com,04-may-2021,1620086400.0
fourthgate.org,fourthgate.org,06-apr-2021,1617667200.0
free-crochet-pattern.com,free-crochet-pattern.com,08-mar-2021,1615161600.0
freeserials.ws,freeserials.ws,07-mar-2021,1615075200.0
generalchemicalsupply.com,generalchemicalsupply.com,14-jan-2022,1642118400.0
getdatanetukscan.info,getdatanetukscan.info,10-feb-2021,1612915200.0
go-quicky.com,go-quicky.com,03-jun-2021,1622678400.0
gogetgorgeous.com,gogetgorgeous.com,28-may-2021,1622160000.0
gosciniec-paproc.pl,gosciniec-paproc.pl,14-jun-2021,1623628800.0
gravityexp.com,gravityexp.com,19-sep-2022,1663545600.0
gredinatib.org,gredinatib.org,15-mar-2021,1615766400.0
gulf-industrial.com,gulf-industrial.com,28-feb-2021,1614470400.0
guyscards.com,guyscards.com,11-aug-2021,1628640000.0
hanulsms.com,hanulsms.com,18-dec-2022,1671321600.0
hardcorepornparty.com,hardcorepornparty.com,16-jul-2021,1626393600.0
harshwhispers.com,harshwhispers.com,14-sep-2023,1694649600.0
hinsib.com,hinsib.com,13-feb-2022,1644710400.0
hnskorea.co.kr,hnskorea.co.kr,15-oct-2021,1634256000.0
hobby-hangar.net,hobby-hangar.net,27-apr-2021,1619481600.0
hoerbird.net,hoerbird.net,03-jun-2021,1622678400.0
holishit.in,holishit.in,11-oct-2021,1633910400.0
hotfacesitting.com,hotfacesitting.com,28-feb-2021,1614470400.0
hydraulicpowerpack.com,hydraulicpowerpack.com,10-feb-2021,1612915200.0
iamagameaddict.com,iamagameaddict.com,22-jan-2021,1611273600.0
img001.com,img001.com,09-feb-2021,1612828800.0
impressoras-cartoes.com.pt,impressoras-cartoes.com.pt,28-feb-2021,1614470400.0
inclusivediversity.co.uk,inclusivediversity.co.uk,30-oct-2022,1667088000.0
incoctel.cl,incoctel.cl,08-mar-2021,1615161600.0
inlinea.co.uk,inlinea.co.uk,18-jul-2021,1626566400.0
innatek.com,innatek.com,04-jun-2021,1622764800.0
ipl.hk,ipl.hk,03-jun-2024,1717372800.0
iybasketball.info,iybasketball.info,09-sep-2021,1631145600.0
japanesevehicles.us,japanesevehicles.us,12-sep-2021,1631404800.0
jdfabrication.com,jdfabrication.com,11-nov-2022,1668124800.0
jeansvixens.com,jeansvixens.com,23-sep-2021,1632355200.0
josip-stadler.org,josip-stadler.org,03-apr-2021,1617408000.0
kadirzerey.com,kadirzerey.com,16-apr-2021,1618531200.0
kadman.net,kadman.net,09-jun-2021,1623196800.0
kapcotool.com,kapcotool.com,12-nov-2025,1762905600.0
kassabravo.com,kassabravo.com,21-aug-2021,1629504000.0
kids-fashion.dk,kids-fashion.dk,31-mar-2024,1711843200.0
kipasdenim.com,kipasdenim.com,13-nov-2022,1668297600.0
landisbaptist.com,landisbaptist.com,14-may-2021,1620950400.0
legendsdtv.com,legendsdtv.com,04-jul-2021,1625356800.0
luchtenbergdecor.com.br,luchtenbergdecor.com.br,06-jun-2021,1622937600.0
luckyblank.info,luckyblank.info,25-jan-2021,1611532800.0
luckyeffect.info,luckyeffect.info,30-jul-2021,1627603200.0
luckyhalo.info,luckyhalo.info,25-jan-2021,1611532800.0
luckyshine.info,luckyshine.info,03-apr-2021,1617408000.0
luckytidy.info,luckytidy.info,03-apr-2021,1617408000.0
mailboto.com,mailboto.com,16-feb-2021,1613433600.0
malest.com,malest.com,30-jul-2021,1627603200.0
manoske.com,manoske.com,05-feb-2021,1612483200.0
mathenea.com,mathenea.com,08-may-2021,1620432000.0
maxisoft.co.uk,maxisoft.co.uk,20-oct-2021,1634688000.0
merrymilkfoods.com,merrymilkfoods.com,09-jun-2021,1623196800.0
metrocuadro.com.ve,metrocuadro.com.ve,08-may-2021,1620432000.0
milleniumpapelaria.com.br,milleniumpapelaria.com.br,03-sep-2021,1630627200.0
ministerio-publi.info,ministerio-publi.info,14-jun-2021,1623628800.0
mobatory.com,mobatory.com,10-jul-2021,1625875200.0
monarchslo.com,monarchslo.com,26-jun-2021,1624665600.0
morenews3.net,morenews3.net,17-jun-2021,1623888000.0
ms11.net,ms11.net,28-may-2021,1622160000.0
mueller-holz-bau.com,mueller-holz-bau.com,06-may-2021,1620259200.0
mylabsrl.com,mylabsrl.com,29-apr-2021,1619654400.0
myshopmarketim.com,myshopmarketim.com,17-may-2024,1715904000.0
nadegda-95.ru,nadegda-95.ru,14-sep-2021,1631577600.0
nailbytes1.com,nailbytes1.com,20-feb-2021,1613779200.0
networkmedical.com.hk,networkmedical.com.hk,02-oct-2021,1633132800.0
neumashop.cl,neumashop.cl,24-may-2021,1621814400.0
nevergreen.net,nevergreen.net,20-jul-2021,1626739200.0
nkgamers.com,nkgamers.com,06-sep-2021,1630886400.0
nmsbaseball.com,nmsbaseball.com,23-jan-2021,1611360000.0
noobgirls.com,noobgirls.com,22-oct-2021,1634860800.0
nordiccountry.cz,nordiccountry.cz,13-jul-2024,1720828800.0
nortonfire.co.uk,nortonfire.co.uk,28-jan-2021,1611792000.0
nt-associates.com,nt-associates.com,08-feb-2021,1612742400.0
nuptialimages.com,nuptialimages.com,10-apr-2021,1618012800.0
obada-konstruktiwa.org,obada-konstruktiwa.org,18-jun-2021,1623974400.0
ocpersian.com,ocpersian.com,18-feb-2021,1613606400.0
okeanbg.com,okeanbg.com,26-jan-2021,1611619200.0
omrdatacapture.com,omrdatacapture.com,25-jul-2021,1627171200.0
onrio.com.br,onrio.com.br,12-may-2021,1620777600.0
optimization-methods.com,optimization-methods.com,27-may-2021,1622073600.0
pb-webdesign.net,pb-webdesign.net,12-sep-2021,1631404800.0
pension-helene.cz,pension-helene.cz,21-apr-2021,1618963200.0
phitenmy.com,phitenmy.com,20-oct-2021,1634688000.0
pokachi.net,pokachi.net,25-may-2021,1621900800.0
portablevaporizer.com,portablevaporizer.com,09-apr-2021,1617926400.0
portalfiremasters.com.br,portalfiremasters.com.br,09-jun-2021,1623196800.0
pos-kupang.com,pos-kupang.com,18-apr-2022,1650240000.0
potvaporizer.com,potvaporizer.com,06-feb-2022,1644105600.0
pradakomechanicals.com,pradakomechanicals.com,09-aug-2025,1754697600.0
pride-u-bike.com,pride-u-bike.com,07-oct-2021,1633564800.0
progettocrea.org,progettocrea.org,14-jan-2022,1642118400.0
prorodeosportmed.com,prorodeosportmed.com,17-may-2021,1621209600.0
puenteaereo.info,puenteaereo.info,08-jun-2021,1623110400.0
purethc.com,purethc.com,16-jul-2021,1626393600.0
pwvita.pl,pwvita.pl,08-may-2021,1620432000.0
quotidiennokoue.com,quotidiennokoue.com,21-sep-2021,1632182400.0
rallyeair.com,rallyeair.com,25-sep-2021,1632528000.0
rentfromart.com,rentfromart.com,15-nov-2022,1668470400.0
resolvethem.com,resolvethem.com,14-feb-2021,1613260800.0
revistaelite.com,revistaelite.com,19-jul-2021,1626652800.0
roks.ua,roks.ua,25-feb-2021,1614211200.0
roorbong.com,roorbong.com,15-sep-2021,1631664000.0
ruiyangcn.com,ruiyangcn.com,30-sep-2021,1632960000.0
rupor.info,rupor.info,03-sep-2021,1630627200.0
sadiqtv.com,sadiqtv.com,14-oct-2021,1634169600.0
sasson-cpa.co.il,sasson-cpa.co.il,19-apr-2021,1618790400.0
semengineers.com,semengineers.com,14-sep-2021,1631577600.0
semiyun.com,semiyun.com,28-mar-2021,1616889600.0
sentrol.cl,sentrol.cl,28-jan-2021,1611792000.0
seoholding.com,seoholding.com,22-aug-2021,1629590400.0
seonetwizard.com,seonetwizard.com,30-mar-2021,1617062400.0
sexyoilwrestling.com,sexyoilwrestling.com,22-sep-2021,1632268800.0
skgroup.kiev.ua,skgroup.kiev.ua,21-oct-2021,1634774400.0
skidki-yuga.ru,skidki-yuga.ru,17-jul-2021,1626480000.0
skiholidays4beginners.com,skiholidays4beginners.com,19-sep-2021,1632009600.0
slightlyoffcenter.net,slightlyoffcenter.net,18-feb-2021,1613606400.0
smrcek.com,smrcek.com,14-jan-2021,1610582400.0
sn-gzzx.com,sn-gzzx.com,14-jan-2021,1610582400.0
somnoy.com,somnoy.com,26-feb-2021,1614297600.0
spekband.com,spekband.com,26-jul-2021,1627257600.0
strangeduckfilms.com,strangeduckfilms.com,21-jan-2021,1611187200.0
sudcom.org,sudcom.org,14-sep-2021,1631577600.0
sunlux.net,sunlux.net,13-apr-2022,1649808000.0
svetyivanrilski.com,svetyivanrilski.com,24-jan-2021,1611446400.0
tamilcm.com,tamilcm.com,30-apr-2021,1619740800.0
teameda.net,teameda.net,23-jan-2021,1611360000.0
tendersource.com,tendersource.com,14-feb-2021,1613260800.0
thcextractor.com,thcextractor.com,06-feb-2022,1644105600.0
thcvaporizer.com,thcvaporizer.com,06-feb-2021,1612569600.0
thefxarchive.com,thefxarchive.com,27-jul-2021,1627344000.0
thewinesteward.com,thewinesteward.com,24-aug-2025,1755993600.0
tk-gregoric.si,tk-gregoric.si,21-sep-2021,1632182400.0
tomalinoalambres.com.ar,tomalinoalambres.com.ar,21-may-2021,1621555200.0
trafficgrowth.com,trafficgrowth.com,16-jun-2021,1623801600.0
treventuresonline.com,treventuresonline.com,16-apr-2021,1618531200.0
triangleservicesltd.com,triangleservicesltd.com,08-may-2025,1746662400.0
tubemoviez.com,tubemoviez.com,23-jan-2021,1611360000.0
typeofmarijuana.com,typeofmarijuana.com,06-feb-2021,1612569600.0
unalbilgisayar.com,unalbilgisayar.com,28-aug-2022,1661644800.0
undefined.it,undefined.it,16-mar-2021,1615852800.0
upswings.net,upswings.net,19-aug-2021,1629331200.0
vernoblisk.com,vernoblisk.com,11-nov-2023,1699660800.0
villalecchi.com,villalecchi.com,01-feb-2021,1612137600.0
vistatech.us,vistatech.us,10-aug-2021,1628553600.0
vitamasaz.pl,vitamasaz.pl,27-jul-2021,1627344000.0
vmay.com,vmay.com,08-jun-2021,1623110400.0
vroll.net,vroll.net,25-sep-2021,1632528000.0
warco.pl,warco.pl,17-oct-2021,1634428800.0
web-olymp.ru,web-olymp.ru,26-aug-2021,1629936000.0
webcashmaker.com,webcashmaker.com,16-feb-2021,1613433600.0
webordermanager.com,webordermanager.com,21-apr-2021,1618963200.0
websalesusa.com,websalesusa.com,21-oct-2021,1634774400.0
windspotter.net,windspotter.net,21-oct-2021,1634774400.0
winrar-soft.ru,winrar-soft.ru,08-mar-2021,1615161600.0
wkmg.co.kr,wkmg.co.kr,08-jun-2023,1686182400.0
wmserver.net,wmserver.net,03-apr-2021,1617408000.0
womenslabour.org,womenslabour.org,27-mar-2021,1616803200.0
wp9.ru,wp9.ru,05-oct-2021,1633392000.0
wroclawski.com.pl,wroclawski.com.pl,11-jul-2021,1625961600.0
wv-law.com,wv-law.com,18-aug-2021,1629244800.0
youtuhe.com,youtuhe.com,07-jun-2021,1623024000.0
yumekin.com,yumekin.com,20-oct-2021,1634688000.0
zgsysz.com,zgsysz.com,02-aug-2021,1627862400.0
